"Region","meanAUC","meanSens","meanSpec","disease"
"Africa",0.810917536645848,0.566146131287904,0.719159590138634,"yf"
"Asia",NA,NA,NA,"yf"
"Europe",1,0.588571428571429,0.822857142857143,"yf"
"North America",NA,NA,NA,"yf"
"Oceania",NA,NA,NA,"yf"
"South America",0.820005580890408,0.577689340810926,0.728971273347614,"yf"
"Endemic",0.815867841025098,0.572433776804883,0.724504064378655,"yf"
"Non-endemic",1,0.588571428571429,0.822857142857143,"yf"
"Overall",0.971920222442735,0.81409925580447,0.877228859927579,"yf"
