"Region","meanAUC","meanSens","meanSpec","disease"
"Africa",0.816606550516694,0.570656490363183,0.720917991515534,"yf"
"Asia",NA,NA,NA,"yf"
"Europe",1,0.593333333333333,0.822857142857143,"yf"
"North America",NA,NA,NA,"yf"
"Oceania",NA,NA,NA,"yf"
"South America",0.817554340630836,0.578352776025013,0.726205741269183,"yf"
"Endemic",0.817122816660035,0.574848696693882,0.723798255966,"yf"
"Non-endemic",1,0.593333333333333,0.822857142857143,"yf"
"Overall",0.971474716778302,0.811870199989691,0.877749459625125,"yf"
