"Region","meanAUC","meanSens","meanSpec","disease"
"Africa",0.801162684269717,0.567743044208643,0.709726684282021,"yf"
"Asia",NA,NA,NA,"yf"
"Europe",1,0.588571428571429,0.822857142857143,"yf"
"North America",NA,NA,NA,"yf"
"Oceania",NA,NA,NA,"yf"
"South America",0.810717629415419,0.579223935902496,0.71999192632549,"yf"
"Endemic",0.806367311967978,0.573996744883988,0.715318214348819,"yf"
"Non-endemic",1,0.588571428571429,0.822857142857143,"yf"
"Overall",0.971727445629703,0.813643690903994,0.877774410183605,"yf"
